id,domain,keyword,topic,generated_title,title_length,evaluation_score
1,فناوری و دیجیتال,هوش مصنوعی,کاربردهای هوش مصنوعی در زندگی روزمره,,,
2,فناوری و دیجیتال,یادگیری ماشین,آموزش یادگیری ماشین برای مبتدیان,,,
3,فناوری و دیجیتال,پایتون,بهترین منابع یادگیری پایتون,,,
4,فناوری و دیجیتال,دیپ لرنینگ,شبکه‌های عصبی عمیق و کاربردهای آن,,,
5,فناوری و دیجیتال,ChatGPT,نحوه استفاده از ChatGPT برای کار و تحصیل,,,
6,فناوری و دیجیتال,برنامه‌نویسی,راهنمای شروع برنامه‌نویسی از صفر,,,
7,فناوری و دیجیتال,امنیت سایبری,روش‌های محافظت از اطلاعات شخصی,,,
8,فناوری و دیجیتال,بلاک‌چین,آینده بلاک‌چین در اقتصاد دیجیتال,,,
9,فناوری و دیجیتال,متاورس,دنیای متاورس و فرصت‌های شغلی آن,,,
10,فناوری و دیجیتال,اینترنت اشیا,کاربرد اینترنت اشیا در خانه‌های هوشمند,,,
11,فناوری و دیجیتال,ابر رایانش,مزایای استفاده از خدمات ابری برای کسب‌وکار,,,
12,فناوری و دیجیتال,واقعیت مجازی,تجربه واقعیت مجازی در آموزش و سرگرمی,,,
13,فناوری و دیجیتال,اپلیکیشن موبایل,مراحل ساخت اپلیکیشن موبایل,,,
14,فناوری و دیجیتال,دیتا ساینس,ورود به حوزه علم داده و مهارت‌های لازم,,,
15,فناوری و دیجیتال,سئو,بهینه‌سازی سایت برای موتورهای جستجو,,,
16,فناوری و دیجیتال,طراحی UI,اصول طراحی رابط کاربری جذاب,,,
17,فناوری و دیجیتال,دیتابیس,مقایسه پایگاه‌های داده SQL و NoSQL,,,
18,فناوری و دیجیتال,API,آموزش کار با API در پروژه‌های وب,,,
19,فناوری و دیجیتال,گیت,مدیریت پروژه با Git و GitHub,,,
20,فناوری و دیجیتال,لینوکس,راهنمای جامع استفاده از لینوکس,,,
21,فناوری و دیجیتال,داکر,کانتینرسازی با Docker برای توسعه‌دهندگان,,,
22,فناوری و دیجیتال,کوبرنتیز,مدیریت کانتینرها با Kubernetes,,,
23,فناوری و دیجیتال,ری‌اکت,آموزش React برای ساخت وب‌اپلیکیشن,,,
24,فناوری و دیجیتال,نود جی‌اس,توسعه بک‌اند با Node.js,,,
25,فناوری و دیجیتال,تنسورفلو,پیاده‌سازی مدل‌های یادگیری عمیق با TensorFlow,,,
26,فناوری و دیجیتال,پردازش زبان طبیعی,کاربردهای NLP در صنعت,,,
27,فناوری و دیجیتال,رباتیک,آینده رباتیک و هوش مصنوعی,,,
28,فناوری و دیجیتال,پردازش تصویر,تشخیص چهره با پردازش تصویر,,,
29,فناوری و دیجیتال,امنیت شبکه,محافظت از شبکه در برابر حملات سایبری,,,
30,فناوری و دیجیتال,رمزنگاری,اصول رمزنگاری داده‌ها,,,
31,فناوری و دیجیتال,فین‌تک,تحول فناوری مالی در ایران,,,
32,فناوری و دیجیتال,هوش مصنوعی مولد,تولید محتوا با هوش مصنوعی مولد,,,
33,فناوری و دیجیتال,LLM,مدل‌های زبانی بزرگ و تاثیر آن‌ها,,,
34,فناوری و دیجیتال,چت‌بات,ساخت چت‌بات هوشمند برای کسب‌وکار,,,
35,فناوری و دیجیتال,تشخیص صدا,فناوری تشخیص صدا در دستیارهای هوشمند,,,
36,فناوری و دیجیتال,شبکه‌های اجتماعی,الگوریتم شبکه‌های اجتماعی چگونه کار می‌کند,,,
37,فناوری و دیجیتال,کریپتو,راهنمای سرمایه‌گذاری در ارزهای دیجیتال,,,
38,فناوری و دیجیتال,وب ۳,معرفی وب ۳ و تفاوت آن با وب ۲,,,
39,فناوری و دیجیتال,پردازش ابری,مقایسه AWS، Azure و Google Cloud,,,
40,فناوری و دیجیتال,یادگیری تقویتی,کاربرد یادگیری تقویتی در بازی‌های هوشمند,,,
41,فناوری و دیجیتال,شبکه عصبی,معماری شبکه‌های عصبی پیچشی,,,
42,فناوری و دیجیتال,بیگ دیتا,ابزارهای پردازش داده‌های بزرگ,,,
43,فناوری و دیجیتال,فلاتر,ساخت اپلیکیشن چندپلتفرمی با Flutter,,,
44,فناوری و دیجیتال,میکروسرویس,معماری میکروسرویس در توسعه نرم‌افزار,,,
45,فناوری و دیجیتال,DevOps,اصول و ابزارهای DevOps در تیم‌های نرم‌افزاری,,,
46,فناوری و دیجیتال,تست نرم‌افزار,روش‌های تست خودکار نرم‌افزار,,,
47,فناوری و دیجیتال,الگوریتم,بهترین الگوریتم‌های مرتب‌سازی,,,
48,فناوری و دیجیتال,ساختار داده,آموزش ساختار داده برای مصاحبه شغلی,,,
49,فناوری و دیجیتال,طراحی وب,ساخت وب‌سایت حرفه‌ای با HTML و CSS,,,
50,فناوری و دیجیتال,جاوااسکریپت,تسلط بر JavaScript برای توسعه‌دهندگان,,,
51,فناوری و دیجیتال,Django,ساخت وب‌سایت با Django در پایتون,,,
52,فناوری و دیجیتال,FastAPI,توسعه API سریع با FastAPI,,,
53,فناوری و دیجیتال,وب اسکرپینگ,جمع‌آوری داده از وب با BeautifulSoup,,,
54,فناوری و دیجیتال,PostgreSQL,بهترین روش‌های استفاده از PostgreSQL,,,
55,فناوری و دیجیتال,MongoDB,طراحی دیتابیس با MongoDB,,,
56,فناوری و دیجیتال,Redis,کاربردهای عملی Redis در پروژه‌های واقعی,,,
57,فناوری و دیجیتال,CI/CD,پیاده‌سازی CI/CD در پروژه‌های نرم‌افزاری,,,
58,فناوری و دیجیتال,NLP فارسی,پردازش زبان طبیعی برای زبان فارسی,,,
59,فناوری و دیجیتال,Hugging Face,استفاده از مدل‌های آماده در Hugging Face,,,
60,فناوری و دیجیتال,RAG,بهبود مدل‌های زبانی با Retrieval Augmented Generation,,,
61,فناوری و دیجیتال,LangChain,ساخت اپلیکیشن‌های هوشمند با LangChain,,,
62,فناوری و دیجیتال,Fine-tuning,تنظیم دقیق مدل‌های زبانی با داده اختصاصی,,,
63,فناوری و دیجیتال,Prompt Engineering,مهندسی پرامپت برای نتایج بهتر از LLM,,,
64,فناوری و دیجیتال,AutoML,یادگیری ماشین خودکار با AutoML,,,
65,فناوری و دیجیتال,MLOps,عملیات یادگیری ماشین در محیط تولید,,,
66,فناوری و دیجیتال,Feature Engineering,مهندسی ویژگی در پروژه‌های داده,,,
67,فناوری و دیجیتال,Overfitting,روش‌های جلوگیری از بیش‌برازش مدل,,,
68,فناوری و دیجیتال,سرورلس,معماری Serverless و مزایای آن,,,
69,فناوری و دیجیتال,فدرال لرنینگ,یادگیری فدرال برای حفظ حریم خصوصی,,,
70,فناوری و دیجیتال,Explainable AI,هوش مصنوعی قابل تفسیر در صنعت,,,
71,فناوری و دیجیتال,Computer Vision,بینایی ماشین و کاربردهای صنعتی,,,
72,فناوری و دیجیتال,Stable Diffusion,تولید تصویر با Stable Diffusion,,,
73,فناوری و دیجیتال,Whisper,تبدیل گفتار به متن با OpenAI Whisper,,,
74,فناوری و دیجیتال,Vector Database,پایگاه داده برداری برای جستجوی معنایی,,,
75,فناوری و دیجیتال,اتوماسیون,اتوماسیون وظایف تکراری با پایتون,,,
76,فناوری و دیجیتال,Selenium,تست خودکار وب با Selenium,,,
77,فناوری و دیجیتال,Kafka,پردازش جریان داده با Apache Kafka,,,
78,فناوری و دیجیتال,Elasticsearch,جستجوی پیشرفته با Elasticsearch,,,
79,فناوری و دیجیتال,Nginx,پیکربندی Nginx برای وب‌سرور حرفه‌ای,,,
80,فناوری و دیجیتال,Terraform,مدیریت زیرساخت با Terraform,,,
81,فناوری و دیجیتال,Grafana,داشبورد مانیتورینگ با Grafana,,,
82,فناوری و دیجیتال,WebAssembly,آینده WebAssembly در توسعه وب,,,
83,فناوری و دیجیتال,GraphQL,استفاده از GraphQL به جای REST API,,,
84,فناوری و دیجیتال,TypeScript,مزایای TypeScript نسبت به JavaScript,,,
85,فناوری و دیجیتال,Vue.js,مقایسه Vue.js با React و Angular,,,
86,فناوری و دیجیتال,Kotlin,توسعه اندروید با Kotlin,,,
87,فناوری و دیجیتال,Swift,برنامه‌نویسی iOS با Swift,,,
88,فناوری و دیجیتال,Rust,مزایای زبان Rust در سیستم‌های امبدد,,,
89,فناوری و دیجیتال,Go,مقایسه Go با Python در برنامه‌نویسی سرور,,,
90,فناوری و دیجیتال,Scala,کاربرد Scala در پردازش داده‌های بزرگ,,,
91,فناوری و دیجیتال,Julia,زبان Julia برای محاسبات علمی,,,
92,فناوری و دیجیتال,R,تحلیل داده با زبان R,,,
93,فناوری و دیجیتال,MATLAB,کاربردهای MATLAB در مهندسی,,,
94,فناوری و دیجیتال,Arduino,پروژه‌های جذاب با Arduino برای مبتدیان,,,
95,فناوری و دیجیتال,Raspberry Pi,ساخت خانه هوشمند با Raspberry Pi,,,
96,فناوری و دیجیتال,Edge Computing,محاسبات لبه و کاهش تأخیر,,,
97,فناوری و دیجیتال,5G,تاثیر شبکه 5G بر اینترنت اشیا,,,
98,فناوری و دیجیتال,Quantum Computing,مقدمه‌ای بر محاسبات کوانتومی,,,
99,فناوری و دیجیتال,Cybersecurity,راهنمای امنیت سایبری برای سازمان‌ها,,,
100,فناوری و دیجیتال,Zero Trust,معماری Zero Trust در امنیت شبکه,,,
101,سلامت و پزشکی,دیابت,مدیریت دیابت با تغذیه و ورزش,,,
102,سلامت و پزشکی,فشار خون,کنترل فشار خون بالا به روش طبیعی,,,
103,سلامت و پزشکی,کلسترول,کاهش کلسترول خون با تغییر سبک زندگی,,,
104,سلامت و پزشکی,کم‌خونی,علائم و درمان کم‌خونی فقر آهن,,,
105,سلامت و پزشکی,ویتامین D,اهمیت ویتامین D و روش‌های تامین آن,,,
106,سلامت و پزشکی,سرطان,پیشگیری از سرطان با تغذیه سالم,,,
107,سلامت و پزشکی,قلب,نشانه‌های بیماری قلبی که نباید نادیده گرفت,,,
108,سلامت و پزشکی,اضطراب,روش‌های کاهش اضطراب و استرس روزانه,,,
109,سلامت و پزشکی,افسردگی,علائم افسردگی و راه‌های درمان,,,
110,سلامت و پزشکی,خواب,بهبود کیفیت خواب با روش‌های علمی,,,
111,سلامت و پزشکی,میگرن,درمان میگرن بدون دارو,,,
112,سلامت و پزشکی,آلرژی,شناخت انواع آلرژی و روش‌های کنترل,,,
113,سلامت و پزشکی,تیروئید,علائم اختلالات تیروئید در زنان,,,
114,سلامت و پزشکی,پوکی استخوان,پیشگیری از پوکی استخوان با کلسیم,,,
115,سلامت و پزشکی,چاقی,کاهش وزن علمی و پایدار بدون رژیم سخت,,,
116,سلامت و پزشکی,یوگا,فواید یوگا برای سلامت جسم و روان,,,
117,سلامت و پزشکی,مدیتیشن,آموزش مدیتیشن برای کاهش استرس,,,
118,سلامت و پزشکی,رژیم غذایی,بهترین رژیم غذایی برای کاهش وزن,,,
119,سلامت و پزشکی,ورزش,بهترین ورزش‌ها برای سلامت قلب,,,
120,سلامت و پزشکی,پروتئین,منابع پروتئین گیاهی برای وگان‌ها,,,
121,سلامت و پزشکی,امگا ۳,فواید امگا ۳ برای سلامت مغز و قلب,,,
122,سلامت و پزشکی,روزه‌داری متناوب,راهنمای رژیم روزه‌داری متناوب,,,
123,سلامت و پزشکی,گلوتن,رژیم بدون گلوتن برای مبتلایان به سلیاک,,,
124,سلامت و پزشکی,پروبیوتیک,فواید پروبیوتیک برای سلامت روده,,,
125,سلامت و پزشکی,آنتی‌اکسیدان,غذاهای سرشار از آنتی‌اکسیدان,,,
126,سلامت و پزشکی,فیبر,اهمیت فیبر در تغذیه روزانه,,,
127,سلامت و پزشکی,آب,میزان آب لازم روزانه برای بدن سالم,,,
128,سلامت و پزشکی,پوست,مراقبت از پوست در فصل زمستان,,,
129,سلامت و پزشکی,مو,جلوگیری از ریزش مو با تغذیه,,,
130,سلامت و پزشکی,دندان,مراقبت صحیح از دندان و لثه,,,
131,سلامت و پزشکی,کمردرد,درمان کمردرد مزمن با ورزش,,,
132,سلامت و پزشکی,زانو,تقویت زانو و پیشگیری از آرتروز,,,
133,سلامت و پزشکی,گردن‌درد,رفع گردن‌درد ناشی از کار با کامپیوتر,,,
134,سلامت و پزشکی,سیستم ایمنی,تقویت سیستم ایمنی بدن,,,
135,سلامت و پزشکی,بهداشت روان,اهمیت سلامت روان در زندگی مدرن,,,
136,سلامت و پزشکی,مایندفولنس,تمرین ذهن‌آگاهی در زندگی روزمره,,,
137,سلامت و پزشکی,تنفس,تکنیک‌های تنفس عمیق برای آرامش,,,
138,سلامت و پزشکی,گیاهان دارویی,گیاهان دارویی موثر برای تقویت حافظه,,,
139,سلامت و پزشکی,سرماخوردگی,درمان سریع سرماخوردگی در خانه,,,
140,سلامت و پزشکی,معده,درمان طبیعی سوزش معده,,,
141,سلامت و پزشکی,کبد,تقویت کبد با تغذیه سالم,,,
142,سلامت و پزشکی,کلیه,پیشگیری از سنگ کلیه با نوشیدن آب,,,
143,سلامت و پزشکی,قند خون,کنترل قند خون بدون دارو,,,
144,سلامت و پزشکی,هورمون,تعادل هورمونی در زنان,,,
145,سلامت و پزشکی,یائسگی,مدیریت علائم یائسگی,,,
146,سلامت و پزشکی,باروری,افزایش باروری با تغذیه مناسب,,,
147,سلامت و پزشکی,بارداری,تغذیه سالم در دوران بارداری,,,
148,سلامت و پزشکی,کودک تغذیه,تغذیه سالم برای رشد کودکان,,,
149,سلامت و پزشکی,سالمند مراقبت,مراقبت از سالمندان در خانه,,,
150,سلامت و پزشکی,ترک سیگار,روش‌های علمی ترک سیگار,,,
151,سلامت و پزشکی,کافئین,تاثیر کافئین بر خواب و انرژی,,,
152,سلامت و پزشکی,چای سبز,خواص چای سبز برای سلامتی,,,
153,سلامت و پزشکی,زردچوبه,فواید زردچوبه در پیشگیری از التهاب,,,
154,سلامت و پزشکی,زنجبیل,خواص ضدالتهابی زنجبیل,,,
155,سلامت و پزشکی,سیر,فواید سیر برای قلب و سیستم ایمنی,,,
156,سلامت و پزشکی,عسل,خواص درمانی عسل طبیعی,,,
157,سلامت و پزشکی,اسفناج,فواید اسفناج برای تقویت آهن خون,,,
158,سلامت و پزشکی,بروکلی,خواص ضدسرطانی بروکلی,,,
159,سلامت و پزشکی,آووکادو,فواید آووکادو برای قلب و مغز,,,
160,سلامت و پزشکی,دانه چیا,فواید دانه چیا در رژیم غذایی,,,
161,سلامت و پزشکی,شکلات تلخ,فواید شکلات تلخ برای سلامت قلب,,,
162,سلامت و پزشکی,ماهی,فواید مصرف ماهی برای سلامت مغز,,,
163,سلامت و پزشکی,فیزیوتراپی,روش‌های فیزیوتراپی برای دردهای مزمن,,,
164,سلامت و پزشکی,ماساژ,فواید ماساژ درمانی برای بدن,,,
165,سلامت و پزشکی,شنا,فواید شنا برای مفاصل و ستون فقرات,,,
166,سلامت و پزشکی,دویدن,راهنمای شروع دویدن برای مبتدیان,,,
167,سلامت و پزشکی,وزنه,برنامه تمرین با وزنه برای زنان,,,
168,سلامت و پزشکی,پیاده‌روی,فواید پیاده‌روی روزانه برای سلامتی,,,
169,سلامت و پزشکی,پیلاتس,تمرینات پیلاتس برای تقویت عضلات مرکزی,,,
170,سلامت و پزشکی,HIIT,تمرینات HIIT برای چربی‌سوزی سریع,,,
171,سلامت و پزشکی,ریکاوری,روش‌های ریکاوری بعد از تمرین سنگین,,,
172,سلامت و پزشکی,مکمل ورزشی,راهنمای استفاده از مکمل‌های ورزشی,,,
173,سلامت و پزشکی,کراتین,فواید کراتین در عملکرد ورزشی,,,
174,سلامت و پزشکی,پروتئین وی,انتخاب بهترین پروتئین وی,,,
175,سلامت و پزشکی,واکسن,اهمیت واکسیناسیون در بهداشت عمومی,,,
176,سلامت و پزشکی,طب سوزنی,اثربخشی طب سوزنی در درمان دردها,,,
177,سلامت و پزشکی,سم‌زدایی,روش‌های سم‌زدایی طبیعی بدن,,,
178,سلامت و پزشکی,ویتامین C,فواید ویتامین C برای سیستم ایمنی,,,
179,سلامت و پزشکی,ویتامین B12,علائم کمبود ویتامین B12,,,
180,سلامت و پزشکی,منیزیم,نقش منیزیم در سلامت استخوان و عضله,,,
181,سلامت و پزشکی,روی,اهمیت روی در تقویت سیستم ایمنی,,,
182,سلامت و پزشکی,آهن,جذب بهتر آهن از منابع غذایی,,,
183,سلامت و پزشکی,کلسیم,منابع طبیعی کلسیم برای استخوان‌های قوی,,,
184,سلامت و پزشکی,اسید فولیک,اهمیت اسید فولیک در بارداری,,,
185,سلامت و پزشکی,پتاسیم,نقش پتاسیم در کنترل فشار خون,,,
186,سلامت و پزشکی,سدیم,کاهش مصرف نمک برای سلامت قلب,,,
187,سلامت و پزشکی,قند,مضرات قند اضافه در رژیم غذایی,,,
188,سلامت و پزشکی,چربی اشباع,تفاوت چربی‌های سالم و ناسالم,,,
189,سلامت و پزشکی,کربوهیدرات,کربوهیدرات‌های مفید و مضر برای بدن,,,
190,سلامت و پزشکی,گلیسمی,شاخص گلیسمی و تاثیر آن بر قند خون,,,
191,سلامت و پزشکی,رژیم کتو,راهنمای رژیم کتوژنیک برای مبتدیان,,,
192,سلامت و پزشکی,رژیم مدیترانه‌ای,فواید رژیم مدیترانه‌ای برای قلب,,,
193,سلامت و پزشکی,رژیم وگان,تغذیه کامل با رژیم وگان,,,
194,سلامت و پزشکی,رژیم گیاهخواری,شروع گیاهخواری بدون کمبود مواد مغذی,,,
195,سلامت و پزشکی,صبحانه سالم,بهترین گزینه‌های صبحانه سالم,,,
196,سلامت و پزشکی,ناهار سالم,ایده‌های ناهار سالم برای محل کار,,,
197,سلامت و پزشکی,میان وعده,میان وعده‌های سالم برای کاهش وزن,,,
198,کسب‌وکار و استارتاپ,استارتاپ,مراحل راه‌اندازی استارتاپ موفق,,,
199,کسب‌وکار و استارتاپ,کارآفرینی,مهارت‌های ضروری کارآفرینی در عصر دیجیتال,,,
200,کسب‌وکار و استارتاپ,بیزنس پلن,نوشتن طرح کسب‌وکار حرفه‌ای,,,
201,کسب‌وکار و استارتاپ,سرمایه‌گذاری,جذب سرمایه‌گذار برای استارتاپ,,,
202,کسب‌وکار و استارتاپ,بازاریابی,استراتژی‌های بازاریابی دیجیتال,,,
203,کسب‌وکار و استارتاپ,برندینگ,ساخت برند قوی برای کسب‌وکار کوچک,,,
204,کسب‌وکار و استارتاپ,فروش آنلاین,راه‌اندازی فروشگاه اینترنتی موفق,,,
205,کسب‌وکار و استارتاپ,دیجیتال مارکتینگ,استراتژی جامع دیجیتال مارکتینگ,,,
206,کسب‌وکار و استارتاپ,محتوا مارکتینگ,تولید محتوای جذاب برای جذب مشتری,,,
207,کسب‌وکار و استارتاپ,اینستاگرام مارکتینگ,افزایش فروش با اینستاگرام,,,
208,کسب‌وکار و استارتاپ,ایمیل مارکتینگ,راهنمای کمپین ایمیل مارکتینگ,,,
209,کسب‌وکار و استارتاپ,گوگل ادز,تبلیغات موثر در گوگل ادز,,,
210,کسب‌وکار و استارتاپ,CRM,مدیریت ارتباط با مشتری با CRM,,,
211,کسب‌وکار و استارتاپ,مشتری‌مداری,افزایش رضایت مشتری در کسب‌وکار,,,
212,کسب‌وکار و استارتاپ,تیم‌سازی,ساخت تیم کارآمد برای استارتاپ,,,
213,کسب‌وکار و استارتاپ,مدیریت پروژه,روش‌های مدیریت پروژه چابک,,,
214,کسب‌وکار و استارتاپ,اسکرام,پیاده‌سازی Scrum در تیم‌های توسعه,,,
215,کسب‌وکار و استارتاپ,OKR,تعیین اهداف با روش OKR,,,
216,کسب‌وکار و استارتاپ,رهبری,ویژگی‌های رهبر موفق در قرن ۲۱,,,
217,کسب‌وکار و استارتاپ,مذاکره,مهارت‌های مذاکره در کسب‌وکار,,,
218,کسب‌وکار و استارتاپ,پرزنتیشن,ارائه حرفه‌ای به سرمایه‌گذاران,,,
219,کسب‌وکار و استارتاپ,پیچ دک,طراحی Pitch Deck جذاب,,,
220,کسب‌وکار و استارتاپ,MVP,ساخت محصول حداقلی برای استارتاپ,,,
221,کسب‌وکار و استارتاپ,قیمت‌گذاری,استراتژی‌های قیمت‌گذاری محصول,,,
222,کسب‌وکار و استارتاپ,تحلیل رقبا,روش‌های تحلیل رقبا در بازار,,,
223,کسب‌وکار و استارتاپ,SWOT,تحلیل SWOT برای کسب‌وکار,,,
224,کسب‌وکار و استارتاپ,بازار هدف,شناسایی بازار هدف در کسب‌وکار,,,
225,کسب‌وکار و استارتاپ,پرسونا مشتری,تعریف پرسونای مشتری ایده‌آل,,,
226,کسب‌وکار و استارتاپ,فانل فروش,طراحی قیف فروش موثر,,,
227,کسب‌وکار و استارتاپ,نرخ تبدیل,افزایش نرخ تبدیل در فروشگاه آنلاین,,,
228,کسب‌وکار و استارتاپ,A/B تست,بهینه‌سازی سایت با تست A/B,,,
229,کسب‌وکار و استارتاپ,آنالیتیکس,تحلیل داده‌های وب با Google Analytics,,,
230,کسب‌وکار و استارتاپ,KPI,شاخص‌های کلیدی عملکرد کسب‌وکار,,,
231,کسب‌وکار و استارتاپ,حسابداری,حسابداری پایه برای صاحبان کسب‌وکار,,,
232,کسب‌وکار و استارتاپ,مدل درآمدی,انواع مدل‌های درآمدی برای استارتاپ,,,
233,کسب‌وکار و استارتاپ,SaaS,راه‌اندازی کسب‌وکار SaaS موفق,,,
234,کسب‌وکار و استارتاپ,دراپ‌شیپینگ,راه‌اندازی کسب‌وکار دراپ‌شیپینگ,,,
235,کسب‌وکار و استارتاپ,تجارت الکترونیک,موفقیت در تجارت الکترونیک,,,
236,کسب‌وکار و استارتاپ,لجستیک,مدیریت زنجیره تامین در تجارت آنلاین,,,
237,کسب‌وکار و استارتاپ,بازگشت سرمایه,محاسبه ROI در کمپین‌های بازاریابی,,,
238,کسب‌وکار و استارتاپ,برنامه وفاداری,طراحی برنامه وفاداری مشتریان,,,
239,کسب‌وکار و استارتاپ,اینفلوئنسر,بازاریابی با اینفلوئنسرهای ایرانی,,,
240,کسب‌وکار و استارتاپ,ویدیو مارکتینگ,استراتژی بازاریابی ویدیویی,,,
241,کسب‌وکار و استارتاپ,پادکست برند,راه‌اندازی پادکست برای برندسازی,,,
242,کسب‌وکار و استارتاپ,وبینار,برگزاری وبینار برای جذب مشتری,,,
243,کسب‌وکار و استارتاپ,نتورکینگ,شبکه‌سازی حرفه‌ای در کسب‌وکار,,,
244,کسب‌وکار و استارتاپ,تحول دیجیتال,مراحل تحول دیجیتال در سازمان,,,
245,کسب‌وکار و استارتاپ,نوآوری,ایجاد فرهنگ نوآوری در سازمان,,,
246,کسب‌وکار و استارتاپ,Growth Hacking,تکنیک‌های رشد سریع کسب‌وکار,,,
247,کسب‌وکار و استارتاپ,Upselling,افزایش درآمد با تکنیک Upselling,,,
248,کسب‌وکار و استارتاپ,بودجه‌بندی,بودجه‌بندی استارتاپ در سال اول,,,
249,کسب‌وکار و استارتاپ,شتاب‌دهنده,معرفی برترین شتاب‌دهنده‌های ایران,,,
250,کسب‌وکار و استارتاپ,ارزش‌گذاری,روش‌های ارزش‌گذاری استارتاپ,,,
251,کسب‌وکار و استارتاپ,Bootstrap,راه‌اندازی استارتاپ بدون سرمایه‌گذار,,,
252,کسب‌وکار و استارتاپ,Lean Startup,روش Lean Startup برای کاهش ریسک,,,
253,کسب‌وکار و استارتاپ,Design Thinking,حل مسئله با Design Thinking,,,
254,کسب‌وکار و استارتاپ,Business Model Canvas,طراحی مدل کسب‌وکار با Canvas,,,
255,کسب‌وکار و استارتاپ,Value Proposition,طراحی ارزش پیشنهادی منحصربه‌فرد,,,
256,کسب‌وکار و استارتاپ,Customer Journey,نقشه سفر مشتری در کسب‌وکار,,,
257,کسب‌وکار و استارتاپ,UX تجارت,بهبود تجربه کاربری در فروشگاه آنلاین,,,
258,کسب‌وکار و استارتاپ,موبایل مارکتینگ,استراتژی بازاریابی موبایلی,,,
259,کسب‌وکار و استارتاپ,ASO,بهینه‌سازی اپلیکیشن در مارکت‌ها,,,
260,کسب‌وکار و استارتاپ,NPS,اندازه‌گیری وفاداری مشتری با NPS,,,
261,کسب‌وکار و استارتاپ,Churn Rate,کاهش نرخ ریزش مشتریان,,,
262,کسب‌وکار و استارتاپ,CLV,افزایش ارزش طول عمر مشتری,,,
263,کسب‌وکار و استارتاپ,CAC,کاهش هزینه جذب مشتری,,,
264,کسب‌وکار و استارتاپ,فریمیوم,استراتژی Freemium برای جذب کاربر,,,
265,کسب‌وکار و استارتاپ,وابستگی,کسب درآمد از بازاریابی وابسته,,,
266,کسب‌وکار و استارتاپ,مدیریت بحران,مدیریت بحران در کسب‌وکار,,,
267,کسب‌وکار و استارتاپ,چت‌بات فروش,استفاده از چت‌بات برای افزایش فروش,,,
268,کسب‌وکار و استارتاپ,اتوماسیون فروش,اتوماسیون فرآیند فروش با ابزارهای دیجیتال,,,
269,کسب‌وکار و استارتاپ,Pivot,Pivot کردن استارتاپ در مواقع بحران,,,
270,کسب‌وکار و استارتاپ,Blue Ocean,استراتژی اقیانوس آبی در کسب‌وکار,,,
271,کسب‌وکار و استارتاپ,Porter,تحلیل پنج نیروی پورتر,,,
272,کسب‌وکار و استارتاپ,IPO,مراحل عرضه اولیه سهام در بورس,,,
273,کسب‌وکار و استارتاپ,Exit Strategy,استراتژی خروج برای استارتاپ,,,
274,کسب‌وکار و استارتاپ,Term Sheet,درک Term Sheet در سرمایه‌گذاری,,,
275,کسب‌وکار و استارتاپ,سری A,آماده‌سازی برای جذب سرمایه سری A,,,
276,کسب‌وکار و استارتاپ,فرشته سرمایه‌گذار,جذب Angel Investor برای استارتاپ,,,
277,کسب‌وکار و استارتاپ,Cross-selling,فروش مکمل با استراتژی Cross-selling,,,
278,کسب‌وکار و استارتاپ,Referral Program,طراحی برنامه معرفی مشتری,,,
279,کسب‌وکار و استارتاپ,Viral Marketing,بازاریابی ویروسی برای رشد ارگانیک,,,
280,کسب‌وکار و استارتاپ,Push Notification,افزایش تعامل با Push Notification,,,
281,کسب‌وکار و استارتاپ,سرمایه در گردش,مدیریت سرمایه در گردش کسب‌وکار,,,
282,کسب‌وکار و استارتاپ,سودآوری,روش‌های افزایش سودآوری کسب‌وکار,,,
283,کسب‌وکار و استارتاپ,مشاوره کسب‌وکار,انتخاب مشاور کسب‌وکار مناسب,,,
284,کسب‌وکار و استارتاپ,مالیات کسب‌وکار,راهنمای مالیات برای کسب‌وکارهای کوچک,,,
285,کسب‌وکار و استارتاپ,بیمه کسب‌وکار,انتخاب بیمه مناسب برای کسب‌وکار,,,
286,کسب‌وکار و استارتاپ,قرارداد,نکات مهم در نوشتن قرارداد کسب‌وکار,,,
287,کسب‌وکار و استارتاپ,برند شخصی,ساخت برند شخصی در لینکدین,,,
288,کسب‌وکار و استارتاپ,لینکدین,استراتژی حضور حرفه‌ای در لینکدین,,,
289,کسب‌وکار و استارتاپ,فریلنسینگ,شروع کار آزاد و فریلنسینگ موفق,,,
290,کسب‌وکار و استارتاپ,پلتفرم فریلنس,بهترین پلتفرم‌های فریلنسینگ ایرانی,,,
291,کسب‌وکار و استارتاپ,قیمت‌گذاری خدمات,قیمت‌گذاری خدمات فریلنسینگ,,,
292,کسب‌وکار و استارتاپ,مذاکره حقوق,مذاکره برای افزایش حقوق,,,
293,کسب‌وکار و استارتاپ,رزومه,نوشتن رزومه حرفه‌ای برای بازار کار,,,
294,کسب‌وکار و استارتاپ,مصاحبه شغلی,آمادگی برای مصاحبه شغلی,,,
295,کسب‌وکار و استارتاپ,تغییر شغل,مراحل تغییر شغل موفق,,,
296,آموزش و یادگیری,زبان انگلیسی,یادگیری زبان انگلیسی در خانه,,,
297,آموزش و یادگیری,زبان آلمانی,شروع یادگیری زبان آلمانی از صفر,,,
298,آموزش و یادگیری,مطالعه,روش‌های موثر مطالعه برای کنکور,,,
299,آموزش و یادگیری,حافظه,تقویت حافظه با تکنیک‌های علمی,,,
300,آموزش و یادگیری,تمرکز,افزایش تمرکز هنگام مطالعه,,,
301,آموزش و یادگیری,مدیریت زمان دانشجو,مدیریت زمان برای دانشجویان,,,
302,آموزش و یادگیری,یادداشت‌برداری,بهترین روش‌های یادداشت‌برداری,,,
303,آموزش و یادگیری,ذهن‌نقشه,ساخت نقشه ذهنی برای یادگیری بهتر,,,
304,آموزش و یادگیری,فلش‌کارت,استفاده از فلش‌کارت برای حفظ مطالب,,,
305,آموزش و یادگیری,تکنیک پومودورو,مدیریت زمان مطالعه با تکنیک پومودورو,,,
306,آموزش و یادگیری,آنلاین لرنینگ,بهترین پلتفرم‌های آموزش آنلاین,,,
307,آموزش و یادگیری,موک,معرفی بهترین دوره‌های MOOC رایگان,,,
308,آموزش و یادگیری,کورسرا,راهنمای استفاده از Coursera,,,
309,آموزش و یادگیری,یودمی,بهترین دوره‌های Udemy برای برنامه‌نویسی,,,
310,آموزش و یادگیری,کدینگ کودکان,آموزش برنامه‌نویسی به کودکان,,,
311,آموزش و یادگیری,ریاضی,روش‌های جذاب یادگیری ریاضی,,,
312,آموزش و یادگیری,فیزیک,درک فیزیک با مثال‌های روزمره,,,
313,آموزش و یادگیری,شیمی,یادگیری شیمی با آزمایش‌های خانگی,,,
314,آموزش و یادگیری,زیست‌شناسی,درک زیست‌شناسی سلولی به زبان ساده,,,
315,آموزش و یادگیری,تاریخ,روش‌های جذاب یادگیری تاریخ,,,
316,آموزش و یادگیری,ادبیات فارسی,تقویت درک مطلب در ادبیات فارسی,,,
317,آموزش و یادگیری,عربی کنکور,یادگیری عربی برای موفقیت در کنکور,,,
318,آموزش و یادگیری,کنکور,برنامه‌ریزی مطالعاتی برای کنکور سراسری,,,
319,آموزش و یادگیری,آیلتس,آمادگی برای آزمون IELTS,,,
320,آموزش و یادگیری,تافل,راهنمای جامع آمادگی آزمون TOEFL,,,
321,آموزش و یادگیری,GRE,آمادگی برای آزمون GRE,,,
322,آموزش و یادگیری,تحصیل خارج,راهنمای تحصیل در خارج از کشور,,,
323,آموزش و یادگیری,بورسیه,معرفی بورسیه‌های تحصیلی بین‌المللی,,,
324,آموزش و یادگیری,یادگیری عمیق آموزش,تفاوت یادگیری سطحی و عمیق,,,
325,آموزش و یادگیری,هوش هیجانی,تقویت هوش هیجانی در کودکان,,,
326,آموزش و یادگیری,خلاقیت آموزش,روش‌های پرورش خلاقیت در آموزش,,,
327,آموزش و یادگیری,تفکر انتقادی,آموزش تفکر انتقادی,,,
328,آموزش و یادگیری,حل مسئله,مهارت حل مسئله در دانش‌آموزان,,,
329,آموزش و یادگیری,گیمیفیکیشن آموزش,استفاده از گیمیفیکیشن در آموزش,,,
330,آموزش و یادگیری,آموزش مجازی,چالش‌های آموزش مجازی و راهکارها,,,
331,آموزش و یادگیری,هوش مصنوعی آموزش,کاربرد هوش مصنوعی در آموزش,,,
332,آموزش و یادگیری,کتاب‌خوانی,عادت کتاب‌خوانی روزانه,,,
333,آموزش و یادگیری,خلاصه‌نویسی,تکنیک‌های خلاصه‌نویسی موثر,,,
334,آموزش و یادگیری,مطالعه سریع,مطالعه سریع با تکنیک Skimming,,,
335,آموزش و یادگیری,نوشتن علمی,آموزش نوشتن مقاله علمی,,,
336,آموزش و یادگیری,ارائه علمی,تکنیک‌های ارائه علمی حرفه‌ای,,,
337,آموزش و یادگیری,آمار,درک آمار توصیفی و استنباطی,,,
338,آموزش و یادگیری,اقتصاد آموزش,آموزش اقتصاد خرد برای دانشجویان,,,
339,آموزش و یادگیری,روانشناسی عمومی,مفاهیم پایه روانشناسی عمومی,,,
340,آموزش و یادگیری,مدیریت آموزش,اصول مدیریت سازمانی,,,
341,آموزش و یادگیری,گرافیک آموزش,آموزش طراحی گرافیک با Photoshop,,,
342,آموزش و یادگیری,عکاسی آموزش,اصول عکاسی حرفه‌ای برای مبتدیان,,,
343,آموزش و یادگیری,موسیقی گیتار,یادگیری گیتار از صفر,,,
344,آموزش و یادگیری,نقاشی دیجیتال,آموزش نقاشی دیجیتال,,,
345,آموزش و یادگیری,بلاگ‌نویسی,شروع بلاگ‌نویسی حرفه‌ای,,,
346,آموزش و یادگیری,ویدیوسازی,ساخت محتوای ویدیویی برای یوتیوب,,,
347,آموزش و یادگیری,پادکست‌سازی,شروع پادکست با تجهیزات کم,,,
348,آموزش و یادگیری,طراحی لوگو,طراحی لوگو حرفه‌ای با Illustrator,,,
349,آموزش و یادگیری,موشن گرافیک,آموزش موشن گرافیک با After Effects,,,
350,آموزش و یادگیری,تدوین فیلم,تدوین ویدیو با Premiere Pro,,,
351,آموزش و یادگیری,گویندگی,آموزش فن بیان و گویندگی,,,
352,آموزش و یادگیری,سخنرانی,ترس از سخنرانی و روش‌های غلبه بر آن,,,
353,آموزش و یادگیری,داستان‌نویسی,آموزش داستان‌نویسی خلاقانه,,,
354,آموزش و یادگیری,ترجمه,آموزش ترجمه تخصصی,,,
355,آموزش و یادگیری,تدریس آنلاین,شروع تدریس آنلاین و کسب درآمد,,,
356,آموزش و یادگیری,بازی‌های آموزشی,بازی‌های آموزشی برای کودکان ۶ تا ۱۲ سال,,,
357,آموزش و یادگیری,مهارت‌های نرم,توسعه مهارت‌های نرم در محیط کار,,,
358,آموزش و یادگیری,آینده کار,مهارت‌های لازم برای بازار کار آینده,,,
359,آموزش و یادگیری,یادگیری مادام‌العمر,فرهنگ یادگیری مستمر در عصر دیجیتال,,,
360,آموزش و یادگیری,کوچینگ,تفاوت کوچینگ و مشاوره,,,
361,آموزش و یادگیری,منتورینگ,یافتن منتور مناسب در حرفه,,,
362,آموزش و یادگیری,مهارت‌های ارتباطی,تقویت مهارت‌های ارتباطی,,,
363,آموزش و یادگیری,هوش مالی,آموزش هوش مالی,,,
364,آموزش و یادگیری,سواد رسانه‌ای,آموزش سواد رسانه‌ای به کودکان,,,
365,آموزش و یادگیری,تفکر سیستمی,آموزش تفکر سیستمی,,,
366,آموزش و یادگیری,یادگیری زبان دوم,روش‌های موثر یادگیری زبان دوم,,,
367,آموزش و یادگیری,زبان فرانسه,شروع یادگیری زبان فرانسه از صفر,,,
368,آموزش و یادگیری,زبان ژاپنی,یادگیری زبان ژاپنی برای مبتدیان,,,
369,آموزش و یادگیری,زبان چینی,آموزش زبان چینی ماندارین,,,
370,آموزش و یادگیری,زبان اسپانیایی,یادگیری اسپانیایی با روش‌های جذاب,,,
371,آموزش و یادگیری,زبان ایتالیایی,شروع یادگیری زبان ایتالیایی,,,
372,آموزش و یادگیری,زبان عربی مکالمه,یادگیری مکالمه عربی روزمره,,,
373,آموزش و یادگیری,زبان ترکی,آموزش زبان ترکی استانبولی,,,
374,آموزش و یادگیری,دوران ابتدایی,آموزش موثر در دوران ابتدایی,,,
375,آموزش و یادگیری,پیش‌دبستانی,آموزش مناسب برای کودکان پیش‌دبستانی,,,
376,آموزش و یادگیری,اوتیسم آموزش,روش‌های آموزش کودکان اوتیسم,,,
377,آموزش و یادگیری,بیش‌فعالی,مدیریت بیش‌فعالی در مدرسه,,,
378,آموزش و یادگیری,استعداد,شناسایی و پرورش استعداد کودکان,,,
379,آموزش و یادگیری,مغز,نحوه یادگیری مغز و روش‌های تقویت آن,,,
380,آموزش و یادگیری,عصب‌شناسی آموزش,کاربرد عصب‌شناسی در آموزش,,,
381,آموزش و یادگیری,یادگیری مشارکتی,روش‌های یادگیری مشارکتی,,,
382,آموزش و یادگیری,آموزش تجربی,یادگیری از طریق تجربه,,,
383,آموزش و یادگیری,پروژه‌محور,آموزش پروژه‌محور در مدارس,,,
384,آموزش و یادگیری,ارزیابی آموزشی,روش‌های ارزیابی یادگیری دانش‌آموزان,,,
385,آموزش و یادگیری,بازخورد سازنده,ارائه بازخورد سازنده به دانش‌آموزان,,,
386,آموزش و یادگیری,انگیزه تحصیلی,افزایش انگیزه تحصیلی در دانش‌آموزان,,,
387,آموزش و یادگیری,اضطراب امتحان,کاهش اضطراب امتحان با تکنیک‌های علمی,,,
388,آموزش و یادگیری,تقلب امتحان,پیامدهای تقلب در امتحان,,,
389,آموزش و یادگیری,مدیریت کلاس,روش‌های مدیریت کلاس درس,,,
390,سبک زندگی,سفر ارزان,سفر ارزان قیمت داخلی در ایران,,,
391,سبک زندگی,گردشگری,بهترین مقاصد گردشگری ایران,,,
392,سبک زندگی,سفر خارجی,راهنمای سفر بدون تور به اروپا,,,
393,سبک زندگی,ویزا,راهنمای اخذ ویزا شنگن,,,
394,سبک زندگی,بودجه‌بندی سفر,مدیریت هزینه در سفر,,,
395,سبک زندگی,بسته‌بندی چمدان,راهنمای بسته‌بندی هوشمند چمدان,,,
396,سبک زندگی,هتل,انتخاب هتل مناسب با بودجه کم,,,
397,سبک زندگی,اقامتگاه بوم‌گردی,تجربه اقامت در بوم‌گردی‌های ایران,,,
398,سبک زندگی,کمپینگ,راهنمای کمپینگ برای مبتدیان,,,
399,سبک زندگی,کوهنوردی,تجهیزات ضروری کوهنوردی,,,
400,سبک زندگی,دکوراسیون,ایده‌های دکوراسیون منزل با بودجه کم,,,
401,سبک زندگی,مینیمالیسم,زندگی مینیمالیستی و مزایای آن,,,
402,سبک زندگی,خانه‌داری,نظم‌دهی به خانه با روش KonMari,,,
403,سبک زندگی,نظافت خانه,تمیزکاری عمیق خانه در کمترین زمان,,,
404,سبک زندگی,آشپزی خانگی,دستورهای غذایی سالم و سریع,,,
405,سبک زندگی,غذای ایرانی,دستور پخت غذاهای سنتی ایرانی,,,
406,سبک زندگی,کیک‌پزی,آموزش کیک‌پزی برای مبتدیان,,,
407,سبک زندگی,نان‌پزی,پخت نان خانگی بدون فر,,,
408,سبک زندگی,حفظ محیط زیست,روش‌های کاهش ضایعات در خانه,,,
409,سبک زندگی,بازیافت,بازیافت خلاقانه وسایل قدیمی,,,
410,سبک زندگی,باغچه خانگی,کشت سبزیجات در آپارتمان,,,
411,سبک زندگی,گیاهان آپارتمانی,نگهداری گیاهان آپارتمانی,,,
412,سبک زندگی,مد و لباس,ترکیب لباس برای استایل روزمره,,,
413,سبک زندگی,خرید هوشمند,خرید هوشمند و پس‌انداز پول,,,
414,سبک زندگی,مراقبت پوست,روتین مراقبت از پوست صبح و شب,,,
415,سبک زندگی,موی سالم,روتین مراقبت از مو,,,
416,سبک زندگی,آرایش طبیعی,آرایش سبک و طبیعی برای روزهای کاری,,,
417,سبک زندگی,عطر,راهنمای انتخاب عطر مناسب,,,
418,سبک زندگی,مدیریت پول,مدیریت مالی شخصی برای جوانان,,,
419,سبک زندگی,پس‌انداز,روش‌های پس‌انداز با درآمد کم,,,
420,سبک زندگی,سرمایه‌گذاری شخصی,شروع سرمایه‌گذاری با پول کم,,,
421,سبک زندگی,روابط اجتماعی,بهبود مهارت‌های اجتماعی,,,
422,سبک زندگی,ازدواج,آمادگی برای ازدواج موفق,,,
423,سبک زندگی,خانواده,ایجاد تعادل بین کار و خانواده,,,
424,سبک زندگی,فرزندپروری,اصول فرزندپروری مثبت,,,
425,سبک زندگی,کودک بازی,بازی‌های آموزشی برای تقویت خلاقیت کودک,,,
426,سبک زندگی,نوجوان ارتباط,ارتباط موثر با نوجوانان,,,
427,سبک زندگی,خودشناسی,مسیر خودشناسی و رشد شخصی,,,
428,سبک زندگی,اعتماد به نفس,تقویت اعتماد به نفس در بزرگسالان,,,
429,سبک زندگی,مثبت‌اندیشی,تمرین‌های مثبت‌اندیشی روزانه,,,
430,سبک زندگی,هدف‌گذاری,هدف‌گذاری موثر با روش SMART,,,
431,سبک زندگی,انگیزه,حفظ انگیزه در مسیر رسیدن به هدف,,,
432,سبک زندگی,عادت مثبت,ایجاد عادت‌های مثبت پایدار,,,
433,سبک زندگی,مدیریت خشم,کنترل خشم در موقعیت‌های استرس‌زا,,,
434,سبک زندگی,ذهن‌آگاهی زندگی,تمرین ذهن‌آگاهی در کارهای روزمره,,,
435,سبک زندگی,ژورنال‌نویسی,شروع ژورنال‌نویسی روزانه,,,
436,سبک زندگی,کتاب رشد فردی,معرفی کتاب‌های تاثیرگذار رشد شخصی,,,
437,سبک زندگی,طبیعت سلامت,فواید وقت‌گذرانی در طبیعت,,,
438,سبک زندگی,سم‌زدایی دیجیتال,دیجیتال دتاکس و فواید آن,,,
439,سبک زندگی,بهره‌وری روزانه,تکنیک‌های افزایش بهره‌وری روزانه,,,
440,سبک زندگی,تنبلی,غلبه بر تنبلی و اهمال‌کاری,,,
441,سبک زندگی,تصمیم‌گیری,اتخاذ تصمیم‌های بهتر در زندگی,,,
442,سبک زندگی,اولویت‌بندی,اولویت‌بندی کارها با ماتریس آیزنهاور,,,
443,سبک زندگی,نه گفتن,یادگیری نه گفتن بدون احساس گناه,,,
444,سبک زندگی,دورکاری بهره‌وری,بهره‌وری در کار از خانه,,,
445,سبک زندگی,محیط کار خانگی,طراحی محیط کار خانگی ایده‌آل,,,
446,سبک زندگی,صبح زود,عادت‌های افراد موفق در صبح,,,
447,سبک زندگی,رژیم خواب,تنظیم ساعت خواب برای بهره‌وری بیشتر,,,
448,سبک زندگی,استرس کاری,مدیریت استرس در محیط کار,,,
449,سبک زندگی,فرسودگی شغلی,علائم و راه‌های درمان فرسودگی شغلی,,,
450,سبک زندگی,تعادل کار-زندگی,ایجاد تعادل بین کار و زندگی شخصی,,,
451,سبک زندگی,حیوانات خانگی,نگهداری از گربه در آپارتمان,,,
452,سبک زندگی,سگ آموزش,آموزش سگ در خانه,,,
453,سبک زندگی,آکواریوم,راه‌اندازی آکواریوم در خانه,,,
454,سبک زندگی,سفر مشهد,راهنمای سفر به مشهد با بودجه کم,,,
455,سبک زندگی,سفر شیراز,جاذبه‌های گردشگری شیراز,,,
456,سبک زندگی,سفر اصفهان,بهترین رستوران‌های اصفهان,,,
457,سبک زندگی,سفر تهران,جاهای دیدنی تهران برای توریست‌ها,,,
458,سبک زندگی,سفر کیش,راهنمای سفر به کیش,,,
459,سبک زندگی,سفر قشم,جاذبه‌های طبیعی جزیره قشم,,,
460,سبک زندگی,سفر شمال,بهترین شهرهای شمال ایران برای سفر,,,
461,سبک زندگی,سفر خارج ارزان,ارزان‌ترین کشورها برای ایرانیان,,,
462,سبک زندگی,ترکیه سفر,راهنمای سفر به استانبول,,,
463,سبک زندگی,دبی سفر,سفر ارزان به دبی برای ایرانیان,,,
464,سبک زندگی,گرجستان سفر,راهنمای سفر به تفلیس,,,
465,سبک زندگی,ارمنستان سفر,سفر به ایروان برای ایرانیان,,,
466,سبک زندگی,آشپزی ایرانی,طرز تهیه غذاهای محلی ایران,,,
467,سبک زندگی,قهوه خانگی,درست کردن قهوه اسپرسو در خانه,,,
468,سبک زندگی,دسر خانگی,دستور تهیه دسرهای ساده خانگی,,,
469,سبک زندگی,نوشیدنی سالم,نوشیدنی‌های سالم برای دتاکس بدن,,,
470,سبک زندگی,سبزه‌کاری,کاشت سبزی در خانه بدون خاک,,,
471,سبک زندگی,آپارتمان کوچک,دکوراسیون آپارتمان کوچک,,,
472,سبک زندگی,فنگ شویی,اصول فنگ شویی در دکوراسیون,,,
473,سبک زندگی,رنگ خانه,انتخاب رنگ مناسب برای دیوارهای خانه,,,
474,سبک زندگی,مبلمان,انتخاب مبلمان مناسب برای فضای کوچک,,,
475,سبک زندگی,نور خانه,بهبود نورپردازی خانه با روش‌های ساده,,,
476,سبک زندگی,گل خشک,تزئین خانه با گل‌های خشک,,,
477,سبک زندگی,کندل‌سازی,آموزش شمع‌سازی در خانه,,,
478,سبک زندگی,صابون‌سازی,آموزش صابون‌سازی طبیعی,,,
479,سبک زندگی,عطرسازی,ساخت عطر طبیعی در خانه,,,
480,سبک زندگی,هدیه خلاقانه,ایده‌های هدیه خلاقانه و ارزان,,,
481,سبک زندگی,جشن تولد,برگزاری جشن تولد خانگی,,,
482,سبک زندگی,شب یلدا,ایده‌های تزئین و برنامه شب یلدا,,,
483,سبک زندگی,نوروز,آداب و رسوم نوروز در ایران,,,
484,سبک زندگی,مدیریت احساسات,مدیریت احساسات در روابط,,,
485,سبک زندگی,تنهایی,غلبه بر احساس تنهایی,,,
486,سبک زندگی,شادی پایدار,رازهای زندگی شاد و رضایتمند,,,
487,سلامت و پزشکی,کلاژن,فواید مکمل کلاژن برای پوست و مفاصل,,,
488,سلامت و پزشکی,بیوتین,نقش بیوتین در سلامت مو و ناخن,,,
489,سلامت و پزشکی,مولتی ویتامین,انتخاب بهترین مولتی ویتامین روزانه,,,
490,کسب‌وکار و استارتاپ,پرفورمنس مارکتینگ,آموزش Performance Marketing از صفر,,,
491,کسب‌وکار و استارتاپ,برنامه‌ریزی استراتژیک,مراحل برنامه‌ریزی استراتژیک سازمانی,,,
492,آموزش و یادگیری,یادگیری ترکیبی,روش‌های ترکیب آموزش حضوری و آنلاین,,,
493,آموزش و یادگیری,بازی‌وار‌سازی,استفاده از بازی‌وار‌سازی در آموزش بزرگسالان,,,
494,آموزش و یادگیری,مدیریت استرس تحصیلی,کاهش استرس در دوران امتحانات,,,
495,آموزش و یادگیری,یادگیری موثر,تکنیک‌های یادگیری فعال برای دانشجویان,,,
496,آموزش و یادگیری,هوش چندگانه,نظریه هوش‌های چندگانه در آموزش,,,
497,آموزش و یادگیری,یادگیری خودراهبر,مهارت‌های یادگیری خودراهبر,,,
498,سبک زندگی,روتین صبحگاهی,طراحی روتین صبحگاهی ایده‌آل,,,
499,سبک زندگی,روتین شبانه,روتین شبانه برای خواب بهتر,,,
500,سبک زندگی,مدیریت انرژی,مدیریت انرژی در طول روز,,,

